{
	"format_version": "1.8.0",
	"animations": {
		"animation.doctor.escape": {
			"loop": "hold_on_last_frame",
			"animation_length": 3.32,
			"bones": {
				"root_body": {
					"position": [0, 0, 0]
				},
				"head": {
					"rotation": {
						"0.0": [0, 0, 0],
						"1.56": [0, 0, 0],
						"1.64": [-30, 0, 0],
						"2.2": [-30, 0, 0],
						"2.52": [0, 0, 0],
						"2.96": [0, 0, 0]
					}
				},
				"arms": {
					"rotation": {
						"0.0": [-82.5, 0, 0],
						"1.76": [-82.5, 0, 0],
						"1.88": [-82.5, 0, 0],
						"2.0": [0, 0, 0],
						"2.52": [0, 0, 0],
						"2.84": [-82.5, 0, 0],
						"2.96": [0, 0, 0]
					}
				},
				"rightLeg": {
					"rotation": {
						"0.0": [0, 0, 0],
						"0.28": [12.5, 0, 0],
						"0.48": [60, 0, 0],
						"0.64": [-62.5, 0, 0],
						"0.84": [60, 0, 0],
						"1.08": [-62.5, 0, 0],
						"1.28": [60, 0, 0],
						"1.44": [-62.5, 0, 0],
						"1.56": [0, 0, 0],
						"1.64": [-81.56, 27.25, 3.89],
						"1.8": [-81.55764, 27.24513, 3.88714],
						"2.52": [-81.56, 27.25, 3.89],
						"2.96": [0, 0, 0]
					}
				},
				"leftLeg": {
					"rotation": {
						"0.0": [0, 0, 0],
						"0.28": [-15, 0, 0],
						"0.48": [-62.5, 0, 0],
						"0.64": [60, 0, 0],
						"0.84": [-62.5, 0, 0],
						"1.08": [60, 0, 0],
						"1.28": [-62.5, 0, 0],
						"1.44": [60, 0, 0],
						"1.56": [0, 0, 0],
						"1.64": [-84.76, -12.31, -2.2],
						"1.8": [-84.76228, -12.3071, -2.20462],
						"2.52": [-84.76, -12.31, -2.2],
						"2.96": [0, 0, 0]
					}
				},
				"animation_root": {
					"rotation": {
						"0.0": [0, 0, 180],
						"0.16": [0, 0, 180],
						"1.8": [-720, 27.5, 360],
						"2.52": [-720, 27.5, 360],
						"2.96": [-720, 0, 360]
					},
					"position": {
						"0.0": [0, -45, 32],
						"0.32": [0, 29, 32],
						"0.44": [0, 45, 29],
						"0.72": [0, 51.75, 24],
						"0.92": [0, 51.75, 11],
						"1.4": [0, 45.13, 2.54],
						"1.56": [0, 26.75, -1.97],
						"1.8": [0, -10, -2],
						"1.96": [0, -7, -2],
						"2.08": [0, -9, -2],
						"2.12": [0, -8, -2],
						"2.2": [0, -9, -2],
						"2.52": [0, -9, -2],
						"2.96": [0, 0, 0]
					}
				}
			}
		}
	}
}